{
    "clear": {
        "0": {
            "mean_score": 27.871402282714843,
            "std_score": 2.835994520187378,
            "var_score": 8.104581909179688,
            "cv_score": 0.101961550116539,
            "mad_score": 1.2221495056152343,
            "iqr_score": 2.5551399993896484,
            "ci90_score": 9.73461769104004,
            "ci95_score": 4.9945994567871095
        },
        "1": {
            "mean_score": 28.61455451965332,
            "std_score": 2.810781044960022,
            "var_score": 7.984884099960327,
            "cv_score": 0.09852127701044083,
            "mad_score": 1.228103256225586,
            "iqr_score": 2.553061828613281,
            "ci90_score": 9.306832733154296,
            "ci95_score": 4.328013229370117
        },
        "2": {
            "mean_score": 28.563299865722655,
            "std_score": 2.788347616195679,
            "var_score": 7.8415548133850095,
            "cv_score": 0.09773067325353622,
            "mad_score": 1.2208448791503905,
            "iqr_score": 2.5389626312255857,
            "ci90_score": 9.589079360961914,
            "ci95_score": 4.863218154907226
        }
    },
    "abstract": {
        "0": {
            "mean_score": 26.649752044677733,
            "std_score": 3.1139165687561037,
            "var_score": 9.777061214447022,
            "cv_score": 0.11753238648176194,
            "mad_score": 1.1212249755859376,
            "iqr_score": 3.244196548461914,
            "ci90_score": 9.4320263671875,
            "ci95_score": 4.524617843627929
        },
        "1": {
            "mean_score": 26.573694915771483,
            "std_score": 2.9608386898040773,
            "var_score": 8.834165897369385,
            "cv_score": 0.11175447851419448,
            "mad_score": 1.1805039978027343,
            "iqr_score": 3.045651702880859,
            "ci90_score": 9.143292388916016,
            "ci95_score": 5.5673253631591795
        },
        "2": {
            "mean_score": 25.31706756591797,
            "std_score": 2.9594468021392824,
            "var_score": 8.887727451324462,
            "cv_score": 0.11716425061225891,
            "mad_score": 1.2400918579101563,
            "iqr_score": 3.5320293426513674,
            "ci90_score": 8.80090202331543,
            "ci95_score": 5.0324703979492185
        }
    },
    "ambiguous": {
        "0": {
            "mean_score": 23.313267211914063,
            "std_score": 3.312891807556152,
            "var_score": 11.122427291870117,
            "cv_score": 0.14279137015342713,
            "mad_score": 1.6159938049316407,
            "iqr_score": 4.263310852050782,
            "ci90_score": 9.61324851989746,
            "ci95_score": 5.697039566040039
        },
        "1": {
            "mean_score": 21.082867279052735,
            "std_score": 4.132897682189942,
            "var_score": 17.291134872436523,
            "cv_score": 0.19734158158302306,
            "mad_score": 0.9816522979736328,
            "iqr_score": 4.613914794921875,
            "ci90_score": 11.986010971069335,
            "ci95_score": 5.843035583496094
        },
        "2": {
            "mean_score": 21.319500045776365,
            "std_score": 4.171518669128418,
            "var_score": 17.602398986816407,
            "cv_score": 0.19635780334472655,
            "mad_score": 1.2666477966308594,
            "iqr_score": 5.479452247619629,
            "ci90_score": 12.24482048034668,
            "ci95_score": 6.738748512268066
        }
    },
    "complex": {
        "0": {
            "mean_score": 27.603713607788087,
            "std_score": 2.80195463180542,
            "var_score": 7.967625713348388,
            "cv_score": 0.1015906262397766,
            "mad_score": 1.4080121612548828,
            "iqr_score": 2.808737487792969,
            "ci90_score": 9.238528060913087,
            "ci95_score": 8.778798446655273
        },
        "1": {
            "mean_score": 31.281475143432615,
            "std_score": 2.3041079330444334,
            "var_score": 5.3501208305358885,
            "cv_score": 0.07371464729309082,
            "mad_score": 1.3644517517089845,
            "iqr_score": 2.8388514709472656,
            "ci90_score": 7.354189910888672,
            "ci95_score": 4.823165740966797
        },
        "2": {
            "mean_score": 27.50294906616211,
            "std_score": 2.7842949771881105,
            "var_score": 7.8108225440979,
            "cv_score": 0.10141227543354034,
            "mad_score": 1.5489048767089844,
            "iqr_score": 3.325638427734375,
            "ci90_score": 8.91296516418457,
            "ci95_score": 6.3595918273925784
        }
    },
    "contradictory": {
        "0": {
            "mean_score": 23.035856399536133,
            "std_score": 3.8329911422729492,
            "var_score": 14.76474136352539,
            "cv_score": 0.16765470325946807,
            "mad_score": 1.5777070617675781,
            "iqr_score": 4.352827835083008,
            "ci90_score": 11.664234580993652,
            "ci95_score": 5.896404037475586
        },
        "1": {
            "mean_score": 22.94782066345215,
            "std_score": 3.5198586559295655,
            "var_score": 12.571091556549073,
            "cv_score": 0.15434595078229904,
            "mad_score": 1.1888323974609376,
            "iqr_score": 3.6281876373291015,
            "ci90_score": 10.577325630187989,
            "ci95_score": 4.894237823486328
        },
        "2": {
            "mean_score": 27.04660873413086,
            "std_score": 2.6569420337677,
            "var_score": 7.108311443328858,
            "cv_score": 0.09840388417243957,
            "mad_score": 1.1991905975341797,
            "iqr_score": 3.021516342163086,
            "ci90_score": 8.00357780456543,
            "ci95_score": 4.459252090454101
        }
    },
    "style_mixing": {
        "0": {
            "mean_score": 22.49097267150879,
            "std_score": 2.591633710861206,
            "var_score": 6.75851261138916,
            "cv_score": 0.11557360976934433,
            "mad_score": 1.4746610260009765,
            "iqr_score": 3.1834551239013673,
            "ci90_score": 7.984059181213379,
            "ci95_score": 4.785524826049805
        },
        "1": {
            "mean_score": 28.47137840270996,
            "std_score": 3.353350896835327,
            "var_score": 11.375278282165528,
            "cv_score": 0.1185221552848816,
            "mad_score": 1.3725302886962891,
            "iqr_score": 3.4277396392822266,
            "ci90_score": 10.63401168823242,
            "ci95_score": 4.830811157226562
        },
        "2": {
            "mean_score": 27.79184295654297,
            "std_score": 2.5009501647949217,
            "var_score": 6.2984021949768065,
            "cv_score": 0.09030412554740906,
            "mad_score": 1.2716860961914063,
            "iqr_score": 3.047279968261719,
            "ci90_score": 7.815732955932617,
            "ci95_score": 4.7862172698974605
        }
    }
}